<?xml version="1.0" encoding="UTF-8" standalone="yes"?>
<addon id="plugin.video.tv2teljesfilmek"
       name="TV2 teljes filmek"
       version="0.0.1"
       provider-name="just-some-random-ninja">
  <requires>
    <import addon="xbmc.python" version="2.1.0"/>
    <import addon="script.module.requests"/>
  </requires>
  <extension point="xbmc.python.pluginsource"
            library="default.py">
        <provides>video</provides>
  </extension>
  <extension point="xbmc.addon.metadata">
    <summary lang="en">TV2 teljes filmek</summary>
    <language>hu</language>
    <description lang="en">TV2 teljes filmek</description>
     <platform>all</platform>
  </extension>
</addon>
